{"cameraMode":{"drawMode":0,"name":"Shaded","section":"Shading Mode"},"sceneLighting":true,"audioPlay":false,"sceneViewState":{"showFog":false,"showMaterialUpdate":false,"showSkybox":false,"showFlares":false,"showImageEffects":false,"showParticleSystems":false},"in2DMode":false,"pivot":{"x":0.3735084533691406,"y":-5.030579566955566,"z":2.4878203868865969},"rotation":{"x":-0.2886171340942383,"y":0.6453679800033569,"z":-0.2884436547756195,"w":-0.6457574963569641},"size":17.709165573120118,"orthographic":false}